,Words,Frequencies
3,student,18
0,free,14
2,resource,14
54,tool,11
5,volunteer,11
64,online,10
15,school,9
147,library,7
233,design,6
98,acces,6
148,different,6
60,thi,6
65,google,6
135,help,6
51,need,5
49,offer,5
126,image,5
68,app,5
11,college,5
43,book,4
69,time,4
159,smithsonian,4
1,tech,4
17,getting,4
101,presentation,4
10,tutoring,4
9,back,4
259,upchieve,4
46,public,3
47,librarie,3
173,coding,3
83,use,3
168,get,3
130,file,3
125,pdf,3
28,nonprofit,3
55,one,3
229,canva,3
29,tutor,3
134,also,3
108,office,3
71,allow,3
210,mit,3
97,easy,3
72,work,3
234,create,3
74,project,3
19,blog,3
14,high,3
93,ha,2
123,note,2
129,conversion,2
120,way,2
127,video,2
109,institution,2
106,make,2
160,open,2
142,come,2
190,based,2
263,tipskristi,2
249,advantage,2
228,big,2
221,technique,2
220,pomodoro,2
219,timer,2
213,course,2
202,brooklyn,2
201,stay,2
188,york,2
145,gutenberg,2
187,new,2
185,experiment,2
176,language,2
175,try,2
174,want,2
170,polyglot,2
164,museum,2
162,chance,2
152,read,2
92,card,2
153,find,2
7,log,2
70,platform,2
59,check,2
6,donate,2
25,corporate,2
50,specific,2
48,able,2
42,informed,2
12,counseling,2
40,learn,2
13,surviving,2
16,guide,2
18,ready,2
35,hour,2
34,verify,2
33,opportunitie,2
32,board,2
20,mission,2
21,impact,2
22,team,2
31,associate,2
30,join,2
27,district,2
26,volunteering,2
23,supporter,2
4,partner,2
24,pres,2
280,allajaugust,1
227,studying,1
295,involvedvolunteerdonateschool,1
294,vulnerability,1
293,pagereport,1
292,appstatu,1
222,timerif,1
223,little,1
224,bit,1
225,extra,1
226,management,1
291,policy,1
279,intelligence,1
290,usfaqsfinancialslegal,1
230,designsuppose,1
231,started,1
232,graphic,1
289,contact,1
288,companiesour,1
8,sign,1
235,spice,1
236,flyer,1
296,heroe,1
297,connect,1
298,updated,1
218,marinara,1
203,unbannedthe,1
204,offering,1
205,digital,1
206,anyone,1
207,age,1
208,audiobook,1
209,anywhere,1
304,organization,1
303,c,1
211,opencourseware,1
302,reserved,1
301,right,1
212,coursesmit,1
300,newsletter,1
299,subscribe,1
214,ever,1
215,curiou,1
216,discover,1
217,lecture,1
237,resume,1
238,case,1
287,schoolsfor,1
283,teamour,1
261,completely,1
282,missionour,1
262,qualifying,1
281,usour,1
264,allajseptember,1
265,twitter,1
266,reddit,1
267,tumblr,1
268,like,1
269,previou,1
270,first,1
271,day,1
272,successful,1
273,early,1
274,tipsavani,1
275,chaudhryseptember,1
276,next,1
277,benefit,1
278,emotional,1
260,succeed,1
258,look,1
239,ease,1
257,semester,1
240,scratch,1
241,polished,1
242,using,1
243,good,1
286,studentsfor,1
244,grade,1
285,morefor,1
245,unforgettable,1
246,final,1
247,thought,1
248,studentsbeing,1
284,supporterscareer,1
250,taking,1
251,quick,1
252,search,1
253,multiple,1
254,treasure,1
255,looking,1
256,ace,1
81,gmail,1
193,cover,1
200,alway,1
53,purchase,1
110,may,1
111,eligible,1
112,apply,1
113,utilize,1
114,word,1
115,powerpoint,1
116,excel,1
117,present,1
118,schoolwork,1
119,best,1
66,appsif,1
121,possible,1
122,prove,1
63,together,1
124,tinywow,1
62,put,1
61,list,1
128,toolstinywow,1
58,period,1
57,short,1
131,format,1
132,another,1
133,stop,1
67,used,1
107,life,1
73,kind,1
78,form,1
80,active,1
84,everything,1
85,connected,1
86,even,1
87,computer,1
88,run,1
89,space,1
90,afford,1
91,memory,1
79,basic,1
94,drive,1
105,much,1
95,saved,1
96,helpful,1
77,creating,1
76,essay,1
99,doc,1
100,spreadsheet,1
75,writing,1
102,map,1
103,podcast,1
104,translation,1
56,clas,1
136,editing,1
199,certain,1
137,merge,1
37,require,1
169,person,1
36,insign,1
171,codingif,1
172,interested,1
177,still,1
178,hang,1
179,thing,1
180,research,1
181,take,1
182,without,1
183,fear,1
184,mixing,1
186,learning,1
189,timeswhile,1
191,united,1
192,state,1
82,order,1
194,topic,1
195,around,1
196,globe,1
197,cheaper,1
198,plan,1
167,history,1
166,great,1
165,fall,1
150,either,1
138,split,1
139,edited,1
140,resized,1
141,conversed,1
52,rushing,1
143,handy,1
144,change,1
146,ebooksproject,1
45,sometime,1
149,genre,1
151,download,1
38,constant,1
44,add,1
154,article,1
155,classic,1
156,contemporary,1
157,classwork,1
158,fun,1
41,keep,1
161,think,1
39,effort,1
163,data,1
305,ein,1
